name,party,article_size
Mehmet_Şimşek,adalet_ve_kalkınma_partisi,
Fatih_Dönmez,adalet_ve_kalkınma_partisi,
Ali_Yerlikaya,bağımsız,
Ziya_Selçuk,bağımsız,
Yaşar_Güler,bağımsız,
Murat_Kurum,adalet_ve_kalkınma_partisi,
Berat_Albayrak,adalet_ve_kalkınma_partisi,
Mehmet_Nuri_Ersoy,bağımsız,
Derya_Yanık,adalet_ve_kalkınma_partisi,
Ömer_Bolat,adalet_ve_kalkınma_partisi,
Adil_Karaismailoğlu,adalet_ve_kalkınma_partisi,
Hulusi_Akar,adalet_ve_kalkınma_partisi,
Mehmet_Muş,adalet_ve_kalkınma_partisi,
Mahinur_Özdemir,bağımsız,
Bekir_Pakdemirli,adalet_ve_kalkınma_partisi,
Hakan_Fidan,bağımsız,
Ruhsar_Pekcan,bağımsız,
Mevlüt_Çavuşoğlu,adalet_ve_kalkınma_partisi,
Yusuf_Tekin,bağımsız,
Vahit_Kirişci,adalet_ve_kalkınma_partisi,
Alparslan_Bayraktar,bağımsız,
Mehmet_Kasapoğlu,adalet_ve_kalkınma_partisi,
Fuat_Oktay,adalet_ve_kalkınma_partisi,
Abdulhamit_Gül,adalet_ve_kalkınma_partisi,
Cevdet_Yılmaz,adalet_ve_kalkınma_partisi,
Osman_Aşkın_Bak,adalet_ve_kalkınma_partisi,
Vedat_Işıkhan,adalet_ve_kalkınma_partisi,
Süleyman_Soylu,adalet_ve_kalkınma_partisi,
Yılmaz_Tunç,adalet_ve_kalkınma_partisi,
Mehmet_Fatih_Kacır,bağımsız,
Recep_Tayyip_Erdoğan,adalet_ve_kalkınma_partisi,
Nureddin_Nebati,adalet_ve_kalkınma_partisi,
Vedat_Bilgin,adalet_ve_kalkınma_partisi,
Zehra_Zümrüt_Selçuk,bağımsız,
Mehmet_Özhaseki,adalet_ve_kalkınma_partisi,
Abdulkadir_Uraloğlu,bağımsız,
Mehmet_Cahit_Turhan,bağımsız,
Bekir_Bozdağ,adalet_ve_kalkınma_partisi,
İbrahim_Yumaklı,bağımsız,
Fahrettin_Koca,bağımsız,
Mustafa_Varank,adalet_ve_kalkınma_partisi,
Mahmut_Özer,adalet_ve_kalkınma_partisi,
Lütfi_Elvan,adalet_ve_kalkınma_partisi,
Lütfü_Savaş,cumhuriyet_halk_partisi,
Zeydan_Karalar,cumhuriyet_halk_partisi,
Mansur_Yavaş,cumhuriyet_halk_partisi,
Yücel_Yılmaz,adalet_ve_kalkınma_partisi,
Osman_Zolan,adalet_ve_kalkınma_partisi,
Aytekin_Şenlikoğlu,adalet_ve_kalkınma_partisi,
Vahap_Seçer,cumhuriyet_halk_partisi,
Ekrem_İmamoğlu,cumhuriyet_halk_partisi,
Tunç_Soyer,cumhuriyet_halk_partisi,
Zülfü_Demirbağ,adalet_ve_kalkınma_partisi,
Züleyha_Gülüm,halkların_demokratik_partisi,
Ziya_Altunyaldız,adalet_ve_kalkınma_partisi,
Ziver_Özdemir,adalet_ve_kalkınma_partisi,
Zeynep_Yıldız,adalet_ve_kalkınma_partisi,
Zeynep_Gül_Yılmaz,adalet_ve_kalkınma_partisi,
Zeynel_Özen,halkların_demokratik_partisi,
Zeynel_Emre,cumhuriyet_halk_partisi,
Zemzem_Gülender_Açanal,adalet_ve_kalkınma_partisi,
Zeki_Hakan_Sıdalı,i̇yi̇_parti,
Zehra_Taşkesenlioğlu,adalet_ve_kalkınma_partisi,
Zafer_Sırakaya,adalet_ve_kalkınma_partisi,
Zafer_Işık,adalet_ve_kalkınma_partisi,
Yüksel_Özkan,cumhuriyet_halk_partisi,
Yüksel_Mansur_Kılınç,cumhuriyet_halk_partisi,
Yücel_Menekşe,adalet_ve_kalkınma_partisi,
Yücel_Bulut,milliyetçi_hareket_partisi,
Yusuf_Ziya_Yılmaz,adalet_ve_kalkınma_partisi,
Yusuf_Beyazıt,adalet_ve_kalkınma_partisi,
Yusuf_Başer,adalet_ve_kalkınma_partisi,
Yunus_Kılıç,adalet_ve_kalkınma_partisi,
Yunus_Emre,cumhuriyet_halk_partisi,
Yılmaz_Tunç,adalet_ve_kalkınma_partisi,
Yıldırım_Kaya,cumhuriyet_halk_partisi,
Yelda_Erol_Gökcan,adalet_ve_kalkınma_partisi,
Yavuz_Subaşı,adalet_ve_kalkınma_partisi,
Yavuz_Ergun,adalet_ve_kalkınma_partisi,
Yavuz_Ağıralioğlu,bağımsız,
Yaşar_Yıldırım,milliyetçi_hareket_partisi,
Yaşar_Tüzün,cumhuriyet_halk_partisi,
Yaşar_Kırkpınar,adalet_ve_kalkınma_partisi,
Yaşar_Karadağ,milliyetçi_hareket_partisi,
Yasin_Uğur,adalet_ve_kalkınma_partisi,
Yasin_Öztürk,i̇yi̇_parti,
Yalçın_Akdoğan,adalet_ve_kalkınma_partisi,
Yakup_Taş,adalet_ve_kalkınma_partisi,
Volkan_Bozkır,adalet_ve_kalkınma_partisi,
Vildan_Yılmaz_Gürel,adalet_ve_kalkınma_partisi,
Veysel_Eroğlu,adalet_ve_kalkınma_partisi,
Veli_Ağbaba,cumhuriyet_halk_partisi,
Vedat_Demiröz,adalet_ve_kalkınma_partisi,
Vecdi_Gündoğdu,cumhuriyet_halk_partisi,
Vahit_Kiler,adalet_ve_kalkınma_partisi,
Ünal_Demirtaş,cumhuriyet_halk_partisi,
Ünal_Çeviköz,cumhuriyet_halk_partisi,
Ümit_Yılmaz,milliyetçi_hareket_partisi,
Ümit_Özdağ,zafer_partisi,
Ümit_Dikbayır,bağımsız,
Ümit_Beyaz,i̇yi̇_parti,
Utku_Çakırözer,cumhuriyet_halk_partisi,
Ulaş_Karasu,cumhuriyet_halk_partisi,
Uğur_Bayraktutan,cumhuriyet_halk_partisi,
Uğur_Aydemir,adalet_ve_kalkınma_partisi,
Türabi_Kayan,cumhuriyet_halk_partisi,
Tülay_Kaynarca,adalet_ve_kalkınma_partisi,
Tülay_Hatimoğulları_Oruç,halkların_eşitlik_ve_demokrasi_partisi,
Turan_Aydoğan,cumhuriyet_halk_partisi,
Tuncay_Özkan,cumhuriyet_halk_partisi,
Tuma_Çelik,bağımsız,
Tuğrul_Türkeş,adalet_ve_kalkınma_partisi,
Tufan_Köse,cumhuriyet_halk_partisi,
Tuba_Vural_Çokal,adalet_ve_kalkınma_partisi,
Tolga_Ağar,adalet_ve_kalkınma_partisi,
Teoman_Sancar,bağımsız,
Tekin_Bingöl,cumhuriyet_halk_partisi,
Tayip_Temel,halkların_demokratik_partisi,
Tanju_Özcan,cumhuriyet_halk_partisi,
Taner_Yıldız,adalet_ve_kalkınma_partisi,
Tamer_Osmanağaoğlu,milliyetçi_hareket_partisi,
Tamer_Dağlı,adalet_ve_kalkınma_partisi,
Tamer_Akkal,adalet_ve_kalkınma_partisi,
Tahsin_Tarhan,cumhuriyet_halk_partisi,
Tahir_Akyürek,adalet_ve_kalkınma_partisi,
Tacettin_Bayır,cumhuriyet_halk_partisi,
Şirin_Ünal,adalet_ve_kalkınma_partisi,
Şeyhmus_Dinçel,adalet_ve_kalkınma_partisi,
Şevin_Coşkun,halkların_demokratik_partisi,
Şenol_Sunat,i̇yi̇_parti,
Şenel_Yediyıldız,adalet_ve_kalkınma_partisi,
Şamil_Ayrım,adalet_ve_kalkınma_partisi,
Şahin_Tin,adalet_ve_kalkınma_partisi,
Süreyya_Sadi_Bilgiç,adalet_ve_kalkınma_partisi,
Süleyman_Soylu,adalet_ve_kalkınma_partisi,
Süleyman_Karaman,adalet_ve_kalkınma_partisi,
Süleyman_Girgin,cumhuriyet_halk_partisi,
Süleyman_Bülbül,cumhuriyet_halk_partisi,
Suzan_Şahin,cumhuriyet_halk_partisi,
Suat_Özcan,cumhuriyet_halk_partisi,
Sibel_Özdemir,cumhuriyet_halk_partisi,
Sıdık_Taş,halkların_demokratik_partisi,
Sezgin_Tanrıkulu,cumhuriyet_halk_partisi,
Sezai_Temelli,halkların_eşitlik_ve_demokrasi_partisi,
Seyit_Torun,cumhuriyet_halk_partisi,
Sevda_Erdan_Kılıç,cumhuriyet_halk_partisi,
Servet_Ünsal,cumhuriyet_halk_partisi,
Serpil_Kemalbay,halkların_demokratik_partisi,
Sermin_Balık,adalet_ve_kalkınma_partisi,
Sermet_Atay,milliyetçi_hareket_partisi,
Serkan_Topal,cumhuriyet_halk_partisi,
Serkan_Bayram,adalet_ve_kalkınma_partisi,
Serap_Yaşar,adalet_ve_kalkınma_partisi,
Sena_Nur_Çelik,adalet_ve_kalkınma_partisi,
Semra_Kaplan_Kıvırcık,adalet_ve_kalkınma_partisi,
Semra_Güzel,halkların_demokratik_partisi,
Semiha_Ekinci,adalet_ve_kalkınma_partisi,
Semih_Yalçın,milliyetçi_hareket_partisi,
Selman_Özboyacı,adalet_ve_kalkınma_partisi,
Selman_Oğuzhan_Eser,adalet_ve_kalkınma_partisi,
Selin_Sayek_Böke,cumhuriyet_halk_partisi,
Selim_Yağcı,adalet_ve_kalkınma_partisi,
Selim_Gültekin,adalet_ve_kalkınma_partisi,
Selami_Altınok,adalet_ve_kalkınma_partisi,
Selahattin_Minsolmaz,adalet_ve_kalkınma_partisi,
Sefer_Aycan,milliyetçi_hareket_partisi,
Saruhan_Oluç,halkların_demokratik_partisi,
Sami_Çakır,adalet_ve_kalkınma_partisi,
Salim_Çivitcioğlu,adalet_ve_kalkınma_partisi,
Salihe_Aydeniz,halkların_eşitlik_ve_demokrasi_partisi,
Saliha_Sera_Kadıgil_Sütlü,türkiye_i̇şçi_partisi,
Salih_Cora,adalet_ve_kalkınma_partisi,
Sait_Dede,halkların_demokratik_partisi,
Saffet_Sancaklı,milliyetçi_hareket_partisi,
Sadir_Durmaz,milliyetçi_hareket_partisi,
Sabri_Öztürk,adalet_ve_kalkınma_partisi,
Sabahat_Özgürsoy_Çelik,adalet_ve_kalkınma_partisi,
Rümeysa_Kadak,adalet_ve_kalkınma_partisi,
Rizgin_Birlik,adalet_ve_kalkınma_partisi,
Rıza_Posacı,adalet_ve_kalkınma_partisi,
Rıdvan_Turan,halkların_demokratik_partisi,
Remziye_Tosun,halkların_demokratik_partisi,
Refik_Özen,adalet_ve_kalkınma_partisi,
Recep_Uncuoğlu,adalet_ve_kalkınma_partisi,
Recep_Şeker,adalet_ve_kalkınma_partisi,
Recep_Özel,adalet_ve_kalkınma_partisi,
Recep_Akdağ,adalet_ve_kalkınma_partisi,
Ravza_Kavakcı_Kan,adalet_ve_kalkınma_partisi,
Ramazan_Kaşlı,milliyetçi_hareket_partisi,
Ramazan_Can,adalet_ve_kalkınma_partisi,
Rafet_Zeybek,cumhuriyet_halk_partisi,
Radiye_Sezer_Katırcıoğlu,adalet_ve_kalkınma_partisi,
Polat_Türkmen,adalet_ve_kalkınma_partisi,
Polat_Şaroğlu,cumhuriyet_halk_partisi,
Pervin_Buldan,halkların_eşitlik_ve_demokrasi_partisi,
Pero_Dundar,halkların_demokratik_partisi,
Pakize_Mutlu_Aydemir,adalet_ve_kalkınma_partisi,
Öztürk_Yılmaz,yenilik_partisi,
Öznur_Çalık,adalet_ve_kalkınma_partisi,
Özlem_Zengin,adalet_ve_kalkınma_partisi,
Özkan_Yalım,cumhuriyet_halk_partisi,
Özgür_Özel,cumhuriyet_halk_partisi,
Özgür_Karabat,cumhuriyet_halk_partisi,
Özgür_Ceylan,cumhuriyet_halk_partisi,
Özcan_Purçu,bağımsız,
Özcan_Özel,memleket_partisi,
Ömer_Öcalan,halkların_eşitlik_ve_demokrasi_partisi,
Ömer_Fethi_Gürer,cumhuriyet_halk_partisi,
Ömer_Faruk_Gergerlioğlu,halkların_eşitlik_ve_demokrasi_partisi,
Oya_Ersoy,halkların_demokratik_partisi,
Oya_Eronat,adalet_ve_kalkınma_partisi,
Osman_Ören,adalet_ve_kalkınma_partisi,
Osman_Nuri_Gülaçar,adalet_ve_kalkınma_partisi,
Osman_Mesten,adalet_ve_kalkınma_partisi,
Osman_Boyraz,adalet_ve_kalkınma_partisi,
Osman_Aşkın_Bak,adalet_ve_kalkınma_partisi,
Orhan_Yegin,adalet_ve_kalkınma_partisi,
Orhan_Sümer,cumhuriyet_halk_partisi,
Orhan_Sarıbal,cumhuriyet_halk_partisi,
Orhan_Kırcalı,adalet_ve_kalkınma_partisi,
Orhan_Erdem,adalet_ve_kalkınma_partisi,
Orhan_Çakırlar,i̇yi̇_parti,
Orhan_Atalay,adalet_ve_kalkınma_partisi,
Onursal_Adıgüzel,cumhuriyet_halk_partisi,
Olcay_Kılavuz,milliyetçi_hareket_partisi,
Okan_Gaytancıoğlu,cumhuriyet_halk_partisi,
Oğuzhan_Kaya,adalet_ve_kalkınma_partisi,
Oğuz_Kaan_Salıcı,cumhuriyet_halk_partisi,
Nusrettin_Maçin,halkların_demokratik_partisi,
Nurhayat_Altaca_Kayışoğlu,cumhuriyet_halk_partisi,
Nurettin_Canikli,adalet_ve_kalkınma_partisi,
Nuran_İmir,halkların_demokratik_partisi,
Numan_Kurtulmuş,adalet_ve_kalkınma_partisi,
Niyazi_Güneş,adalet_ve_kalkınma_partisi,
Nimetullah_Erdoğmuş,halkların_demokratik_partisi,
Nilgün_Ök,adalet_ve_kalkınma_partisi,
Nihat_Yeşil,cumhuriyet_halk_partisi,
Nevzat_Şatıroğlu,adalet_ve_kalkınma_partisi,
Nevzat_Ceylan,adalet_ve_kalkınma_partisi,
Nevin_Taşlıçay,milliyetçi_hareket_partisi,
Neslihan_Hancıoğlu,cumhuriyet_halk_partisi,
Necip_Nasır,adalet_ve_kalkınma_partisi,
Necdet_İpekyüz,halkların_demokratik_partisi,
Necati_Tığlı,cumhuriyet_halk_partisi,
Nazım_Maviş,adalet_ve_kalkınma_partisi,
Naci_Bostancı,adalet_ve_kalkınma_partisi,
Nabi_Avcı,adalet_ve_kalkınma_partisi,
Müzeyyen_Şevkin,cumhuriyet_halk_partisi,
Müşerref_Pervin_Tuba_Durgut,adalet_ve_kalkınma_partisi,
Müslüm_Yüksel,adalet_ve_kalkınma_partisi,
Müsavat_Dervişoğlu,i̇yi̇_parti,
Mürsel_Alban,cumhuriyet_halk_partisi,
Mücahit_Durmuşoğlu,adalet_ve_kalkınma_partisi,
Mustafa_Yeneroğlu,demokrasi_ve_atılım_partisi,
Mustafa_Yel,adalet_ve_kalkınma_partisi,
Mustafa_Tuncer,cumhuriyet_halk_partisi,
Mustafa_Şentop,adalet_ve_kalkınma_partisi,
Mustafa_Savaş,adalet_ve_kalkınma_partisi,
Mustafa_Levent_Karahocagil,adalet_ve_kalkınma_partisi,
Mustafa_Köse,adalet_ve_kalkınma_partisi,
Mustafa_Kendirli,adalet_ve_kalkınma_partisi,
Mustafa_Kalaycı,milliyetçi_hareket_partisi,
Mustafa_Hilmi_Dülger,adalet_ve_kalkınma_partisi,
Mustafa_Esgin,adalet_ve_kalkınma_partisi,
Mustafa_Elitaş,adalet_ve_kalkınma_partisi,
Mustafa_Destici,büyük_birlik_partisi,
Mustafa_Demir,milliyetçi_hareket_partisi,
Mustafa_Canbey,adalet_ve_kalkınma_partisi,
Mustafa_Baki_Ersoy,milliyetçi_hareket_partisi,
Mustafa_Ataş,adalet_ve_kalkınma_partisi,
Mustafa_Arslan,adalet_ve_kalkınma_partisi,
Mustafa_Adıgüzel,cumhuriyet_halk_partisi,
Mustafa_Açıkgöz,adalet_ve_kalkınma_partisi,
Musa_Piroğlu,halkların_demokratik_partisi,
Musa_Farisoğulları,halkların_demokratik_partisi,
Murat_Sarısaç,halkların_demokratik_partisi,
Murat_Emir,cumhuriyet_halk_partisi,
Murat_Çepni,halkların_demokratik_partisi,
Murat_Baybatur,adalet_ve_kalkınma_partisi,
Murat_Bakan,cumhuriyet_halk_partisi,
Muharrem_Varlı,milliyetçi_hareket_partisi,
Muharrem_Erkek,cumhuriyet_halk_partisi,
Muhammet_Naci_Cinisli,i̇yi̇_parti,
Muhammet_Müfit_Aydın,adalet_ve_kalkınma_partisi,
Muhammet_Emin_Akbaşoğlu,adalet_ve_kalkınma_partisi,
Muhammet_Balta,adalet_ve_kalkınma_partisi,
Muhammed_Levent_Bülbül,milliyetçi_hareket_partisi,
Muhammed_Fatih_Toprak,adalet_ve_kalkınma_partisi,
Muhammed_Avcı,adalet_ve_kalkınma_partisi,
Muazzez_Orhan,halkların_demokratik_partisi,
Mithat_Sancar,halkların_eşitlik_ve_demokrasi_partisi,
Mihrimah_Belma_Satır,adalet_ve_kalkınma_partisi,
Mevlüt_Karakaya,milliyetçi_hareket_partisi,
Mevlüt_Çavuşoğlu,adalet_ve_kalkınma_partisi,
Metin_Yavuz,adalet_ve_kalkınma_partisi,
Metin_Nurullah_Sazak,milliyetçi_hareket_partisi,
Metin_İlhan,cumhuriyet_halk_partisi,
Metin_Gündoğdu,adalet_ve_kalkınma_partisi,
Metin_Ergun,i̇yi̇_parti,
Metin_Çelik,adalet_ve_kalkınma_partisi,
Metin_Bulut,adalet_ve_kalkınma_partisi,
Meral_Danış_Beştaş,halkların_eşitlik_ve_demokrasi_partisi,
Mensur_Işık,halkların_demokratik_partisi,
Meliha_Akyol,adalet_ve_kalkınma_partisi,
Mehmet_Yavuz_Demir,adalet_ve_kalkınma_partisi,
Mehmet_Uğur_Gökgöz,adalet_ve_kalkınma_partisi,
Mehmet_Taytak,milliyetçi_hareket_partisi,
Mehmet_Şükrü_Erdinç,adalet_ve_kalkınma_partisi,
Mehmet_Sait_Kirazoğlu,adalet_ve_kalkınma_partisi,
Mehmet_Ruştu_Tiryaki,halkların_demokratik_partisi,
Mehmet_Özhaseki,adalet_ve_kalkınma_partisi,
Mehmet_Muş,adalet_ve_kalkınma_partisi,
Mehmet_Metanet_Çulhaoğlu,i̇yi̇_parti,
Mehmet_Kasım_Gülpınar,adalet_ve_kalkınma_partisi,
Mehmet_Habib_Soluk,adalet_ve_kalkınma_partisi,
Mehmet_Güzelmansur,cumhuriyet_halk_partisi,
Mehmet_Göker,cumhuriyet_halk_partisi,
Mehmet_Erdoğan,adalet_ve_kalkınma_partisi,
Mehmet_Emin_Şimşek,adalet_ve_kalkınma_partisi,
Mehmet_Doğan_Kubat,adalet_ve_kalkınma_partisi,
Mehmet_Cihat_Sezal,adalet_ve_kalkınma_partisi,
Mehmet_Celal_Fendoğlu,milliyetçi_hareket_partisi,
Mehmet_Bekaroğlu,cumhuriyet_halk_partisi,
Mehmet_Altay,adalet_ve_kalkınma_partisi,
Mehmet_Ali_Özkan,adalet_ve_kalkınma_partisi,
Mehmet_Ali_Çelebi,adalet_ve_kalkınma_partisi,
Mehmet_Ali_Cevheri,adalet_ve_kalkınma_partisi,
Mehmet_Akif_Yılmaz,adalet_ve_kalkınma_partisi,
Mehdi_Eker,adalet_ve_kalkınma_partisi,
Markar_Esayan,adalet_ve_kalkınma_partisi,
Mahmut_Toğrul,halkların_demokratik_partisi,
Mahmut_Tanal,cumhuriyet_halk_partisi,
Mahmut_Celadet_Gaydalı,halkların_demokratik_partisi,
Mahmut_Atilla_Kaya,adalet_ve_kalkınma_partisi,
Mahir_Ünal,adalet_ve_kalkınma_partisi,
Mahir_Polat,cumhuriyet_halk_partisi,
Lütfü_Türkkan,i̇yi̇_parti,
Lütfiye_Selva_Çam,adalet_ve_kalkınma_partisi,
Lütfi_Kaşıkçı,milliyetçi_hareket_partisi,
Lütfi_Elvan,adalet_ve_kalkınma_partisi,
Leyla_Şahin_Usta,adalet_ve_kalkınma_partisi,
Leyla_Güven,halkların_demokratik_partisi,
Levent_Gök,cumhuriyet_halk_partisi,
Lale_Karabıyık,cumhuriyet_halk_partisi,
Koray_Aydın,i̇yi̇_parti,
Kenan_Sofuoğlu,adalet_ve_kalkınma_partisi,
Kemal_Zeybek,cumhuriyet_halk_partisi,
Kemal_Peköz,halkların_demokratik_partisi,
Kemal_Kılıçdaroğlu,cumhuriyet_halk_partisi,
Kemal_Çelik,adalet_ve_kalkınma_partisi,
Kemal_Bülbül,halkların_demokratik_partisi,
Kazım_Arslan,cumhuriyet_halk_partisi,
Kani_Beko,cumhuriyet_halk_partisi,
Kamil_Okyay_Sındır,cumhuriyet_halk_partisi,
Kamil_Aydın,milliyetçi_hareket_partisi,
Kadir_Aydın,adalet_ve_kalkınma_partisi,
Kadim_Durmaz,cumhuriyet_halk_partisi,
Jülide_Sarıeroğlu,adalet_ve_kalkınma_partisi,
Jülide_İskenderoğlu,adalet_ve_kalkınma_partisi,
Jale_Nur_Süllü,cumhuriyet_halk_partisi,
İzzet_Ulvi_Yönter,milliyetçi_hareket_partisi,
İsmet_Yılmaz,adalet_ve_kalkınma_partisi,
İsmet_Uçma,adalet_ve_kalkınma_partisi,
İsmet_Tokdemir,cumhuriyet_halk_partisi,
İsmet_Büyükataman,milliyetçi_hareket_partisi,
İsmail_Tatlıoğlu,i̇yi̇_parti,
İsmail_Tamer,adalet_ve_kalkınma_partisi,
İsmail_Özdemir,milliyetçi_hareket_partisi,
İsmail_Ok,adalet_ve_kalkınma_partisi,
İsmail_Koncuk,i̇yi̇_parti,
İsmail_Kaya,adalet_ve_kalkınma_partisi,
İsmail_Güneş,adalet_ve_kalkınma_partisi,
İsmail_Faruk_Aksu,milliyetçi_hareket_partisi,
İsmail_Emrah_Karayel,adalet_ve_kalkınma_partisi,
İsmail_Bilen,adalet_ve_kalkınma_partisi,
İsmail_Atakan_Ünver,cumhuriyet_halk_partisi,
İshak_Gazel,adalet_ve_kalkınma_partisi,
İrfan_Kartal,adalet_ve_kalkınma_partisi,
İrfan_Kaplan,cumhuriyet_halk_partisi,
İmran_Kılıç,adalet_ve_kalkınma_partisi,
İmam_Taşçıer,halkların_demokratik_partisi,
İmam_Hüseyin_Filiz,i̇yi̇_parti,
İlyas_Şeker,adalet_ve_kalkınma_partisi,
İlknur_İnceöz,adalet_ve_kalkınma_partisi,
İlhan_Kesici,cumhuriyet_halk_partisi,
İlhami_Özcan_Aygun,cumhuriyet_halk_partisi,
İffet_Polat,adalet_ve_kalkınma_partisi,
İbrahim_Yurdunuseven,adalet_ve_kalkınma_partisi,
İbrahim_Özyavuz,milliyetçi_hareket_partisi,
İbrahim_Kaboğlu,cumhuriyet_halk_partisi,
İbrahim_Halil_Yıldız,adalet_ve_kalkınma_partisi,
İbrahim_Halil_Oral,i̇yi̇_parti,
İbrahim_Halil_Fırat,adalet_ve_kalkınma_partisi,
İbrahim_Ethem_Sedef,milliyetçi_hareket_partisi,
İbrahim_Aydın,adalet_ve_kalkınma_partisi,
İbrahim_Aydemir,adalet_ve_kalkınma_partisi,
Hüseyin_Yıldız,cumhuriyet_halk_partisi,
Hüseyin_Yayman,adalet_ve_kalkınma_partisi,
Hüseyin_Şanverdi,adalet_ve_kalkınma_partisi,
Hüseyin_Örs,i̇yi̇_parti,
Hüseyin_Kaçmaz,halkların_demokratik_partisi,
Hüseyin_Avni_Aksoy,memleket_partisi,
Hülya_Nergis,adalet_ve_kalkınma_partisi,
Hüda_Kaya,halkların_demokratik_partisi,
Husret_Dinç,adalet_ve_kalkınma_partisi,
Hulusi_Şentürk,adalet_ve_kalkınma_partisi,
Hişyar_Özsoy,halkların_demokratik_partisi,
Hidayet_Vahapoğlu,milliyetçi_hareket_partisi,
Hayrettin_Nuhoğlu,i̇yi̇_parti,
Haydar_Akar,cumhuriyet_halk_partisi,
Hayati_Yazıcı,adalet_ve_kalkınma_partisi,
Hayati_Arkaz,milliyetçi_hareket_partisi,
Hasan_Turan,adalet_ve_kalkınma_partisi,
Hasan_Subaşı,i̇yi̇_parti,
Hasan_Özgüneş,halkların_demokratik_partisi,
Hasan_Kalyoncu,milliyetçi_hareket_partisi,
Hasan_Çilez,adalet_ve_kalkınma_partisi,
Hasan_Baltacı,cumhuriyet_halk_partisi,
Harun_Karacan,adalet_ve_kalkınma_partisi,
Hamza_Dağ,adalet_ve_kalkınma_partisi,
Hamdi_Uçar,adalet_ve_kalkınma_partisi,
Haluk_Koç,cumhuriyet_halk_partisi,
Halis_Dalkılıç,adalet_ve_kalkınma_partisi,
Halil_Öztürk,milliyetçi_hareket_partisi,
Halil_Özşavlı,adalet_ve_kalkınma_partisi,
Halil_Özcan,adalet_ve_kalkınma_partisi,
Halil_Etyemez,adalet_ve_kalkınma_partisi,
Hakkı_Köylü,adalet_ve_kalkınma_partisi,
Hakan_Kahtalı,adalet_ve_kalkınma_partisi,
Hakan_Çavuşoğlu,adalet_ve_kalkınma_partisi,
Hacı_Turan,adalet_ve_kalkınma_partisi,
Hacı_Özkan,adalet_ve_kalkınma_partisi,
Hacı_Osman_Akgül,adalet_ve_kalkınma_partisi,
Hacı_Bayram_Türkoğlu,adalet_ve_kalkınma_partisi,
Hacı_Ahmet_Özdemir,adalet_ve_kalkınma_partisi,
Habip_Eksik,halkların_demokratik_partisi,
Habibe_Öçal,adalet_ve_kalkınma_partisi,
Gürsel_Tekin,cumhuriyet_halk_partisi,
Gürsel_Erol,cumhuriyet_halk_partisi,
Gülüstan_Kılıç_Koçyiğit,halkların_eşitlik_ve_demokrasi_partisi,
Gültekin_Uysal,demokrat_parti,
Gülizar_Biçer_Karaca,cumhuriyet_halk_partisi,
Gülay_Samancı,adalet_ve_kalkınma_partisi,
Gökan_Zeybek,cumhuriyet_halk_partisi,
Garo_Paylan,halkların_demokratik_partisi,
Gamze_Taşcıer,cumhuriyet_halk_partisi,
Gamze_Akkuş_İlgezdi,cumhuriyet_halk_partisi,
Fuat_Köktaş,adalet_ve_kalkınma_partisi,
Filiz_Kerestecioğlu,halkların_demokratik_partisi,
Fikri_Işık,adalet_ve_kalkınma_partisi,
Fikret_Şahin,cumhuriyet_halk_partisi,
Feyzi_Berdibek,adalet_ve_kalkınma_partisi,
Feti_Yıldız,milliyetçi_hareket_partisi,
Fethi_Açıkel,cumhuriyet_halk_partisi,
Fetani_Battal,adalet_ve_kalkınma_partisi,
Feridun_Bahşi,i̇yi̇_parti,
Feleknas_Uca,halkların_demokratik_partisi,
Fehmi_Küpçü,adalet_ve_kalkınma_partisi,
Fatma_Kurtulan,halkların_demokratik_partisi,
Fatma_Kaplan_Hürriyet,cumhuriyet_halk_partisi,
Fatma_Betül_Sayan_Kaya,adalet_ve_kalkınma_partisi,
Fatma_Aksal,adalet_ve_kalkınma_partisi,
Fatih_Şahin,adalet_ve_kalkınma_partisi,
Fatih_Süleyman_Denizolgun,adalet_ve_kalkınma_partisi,
Fatih_Mehmet_Şeker,bağımsız,
Faruk_Sarıaslan,cumhuriyet_halk_partisi,
Faik_Öztrak,cumhuriyet_halk_partisi,
Fahri_Çakır,adalet_ve_kalkınma_partisi,
Fahrettin_Yokuş,i̇yi̇_parti,
Eyüp_Özsoy,adalet_ve_kalkınma_partisi,
Esin_Kara,milliyetçi_hareket_partisi,
Ertunç_Erkan_Balta,adalet_ve_kalkınma_partisi,
Erol_Kaya,adalet_ve_kalkınma_partisi,
Erol_Kavuncu,adalet_ve_kalkınma_partisi,
Erol_Katırcıoğlu,halkların_demokratik_partisi,
Erkan_Kandemir,adalet_ve_kalkınma_partisi,
Erkan_Haberal,milliyetçi_hareket_partisi,
Erkan_Baş,türkiye_i̇şçi_partisi,
Erkan_Aydın,cumhuriyet_halk_partisi,
Erkan_Akçay,milliyetçi_hareket_partisi,
Erhan_Usta,i̇yi̇_parti,
Ergün_Taşcı,adalet_ve_kalkınma_partisi,
Erdoğan_Toprak,cumhuriyet_halk_partisi,
Erdin_Bircan,cumhuriyet_halk_partisi,
Erdal_Aydemir,halkların_demokratik_partisi,
Ensar_Aytekin,cumhuriyet_halk_partisi,
Enis_Berberoğlu,cumhuriyet_halk_partisi,
Engin_Özkoç,cumhuriyet_halk_partisi,
Engin_Altay,cumhuriyet_halk_partisi,
Enez_Kaplan,i̇yi̇_parti,
Emrullah_İşler,adalet_ve_kalkınma_partisi,
Emine_Zeybek,adalet_ve_kalkınma_partisi,
Emine_Yavuz_Gözgeç,adalet_ve_kalkınma_partisi,
Emine_Sare_Aydın,adalet_ve_kalkınma_partisi,
Emine_Nur_Günay,adalet_ve_kalkınma_partisi,
Emine_Gülizar_Emecan,cumhuriyet_halk_partisi,
Ekrem_Çelebi,adalet_ve_kalkınma_partisi,
Efkan_Âlâ,adalet_ve_kalkınma_partisi,
Ednan_Arslan,cumhuriyet_halk_partisi,
Ebubekir_Bal,adalet_ve_kalkınma_partisi,
Ebru_Günay,halkların_demokratik_partisi,
Dursun_Ataş,i̇yi̇_parti,
Durmuş_Yılmaz,i̇yi̇_parti,
Dirayet_Taşdemir,halkların_demokratik_partisi,
Dilşat_Canbaz_Kaya,halkların_demokratik_partisi,
Devlet_Bahçeli,milliyetçi_hareket_partisi,
Derya_Bakbak,adalet_ve_kalkınma_partisi,
Dersim_Dağ,halkların_demokratik_partisi,
Deniz_Yavuzyılmaz,cumhuriyet_halk_partisi,
Deniz_Baykal,cumhuriyet_halk_partisi,
Çiğdem_Koncagül,adalet_ve_kalkınma_partisi,
Çiğdem_Karaaslan,adalet_ve_kalkınma_partisi,
Çiğdem_Erdoğan_Atabek,adalet_ve_kalkınma_partisi,
Çetin_Osman_Budak,cumhuriyet_halk_partisi,
Çetin_Arık,cumhuriyet_halk_partisi,
Cumhur_Ünal,adalet_ve_kalkınma_partisi,
Cihangir_İslam,cumhuriyet_halk_partisi,
Cihan_Pektaş,adalet_ve_kalkınma_partisi,
Ceyda_Çetin_Erenler,adalet_ve_kalkınma_partisi,
Ceyda_Bölünmez_Çankırı,adalet_ve_kalkınma_partisi,
Cevdet_Yılmaz,adalet_ve_kalkınma_partisi,
Cengiz_Gökçel,cumhuriyet_halk_partisi,
Cengiz_Demirkaya,adalet_ve_kalkınma_partisi,
Cengiz_Aydoğdu,adalet_ve_kalkınma_partisi,
Cemil_Yaman,adalet_ve_kalkınma_partisi,
Cemal_Taşar,adalet_ve_kalkınma_partisi,
Cemal_Öztürk,adalet_ve_kalkınma_partisi,
Cemal_Enginyurt,demokrat_parti,
Cemal_Çetin,milliyetçi_hareket_partisi,
Cemal_Bekle,adalet_ve_kalkınma_partisi,
Celalettin_Güvenç,adalet_ve_kalkınma_partisi,
Celal_Adan,milliyetçi_hareket_partisi,
Cavit_Arı,cumhuriyet_halk_partisi,
Candan_Yüceer,cumhuriyet_halk_partisi,
Canan_Kalsın,adalet_ve_kalkınma_partisi,
Cahit_Özkan,adalet_ve_kalkınma_partisi,
Bülent_Tüfenkci,adalet_ve_kalkınma_partisi,
Bülent_Turan,adalet_ve_kalkınma_partisi,
Bülent_Tezcan,cumhuriyet_halk_partisi,
Bülent_Kuşoğlu,cumhuriyet_halk_partisi,
Bülent_Karataş,milliyetçi_hareket_partisi,
Burhanettin_Bulut,cumhuriyet_halk_partisi,
Burhan_Çakır,adalet_ve_kalkınma_partisi,
Burcu_Köksal,cumhuriyet_halk_partisi,
Burak_Erbay,cumhuriyet_halk_partisi,
Binali_Yıldırım,adalet_ve_kalkınma_partisi,
Berdan_Öztürk,halkların_eşitlik_ve_demokrasi_partisi,
Berat_Albayrak,adalet_ve_kalkınma_partisi,
Belgin_Uygur,adalet_ve_kalkınma_partisi,
Bekir_Kuvvet_Erim,adalet_ve_kalkınma_partisi,
Bekir_Bozdağ,adalet_ve_kalkınma_partisi,
Bekir_Başevirgen,cumhuriyet_halk_partisi,
Behiç_Çelik,i̇yi̇_parti,
Bedri_Yaşar,i̇yi̇_parti,
Bedri_Serter,cumhuriyet_halk_partisi,
Bedia_Özgökçe_Ertan,halkların_demokratik_partisi,
Bayram_Yılmazkaya,cumhuriyet_halk_partisi,
Bayram_Özçelik,adalet_ve_kalkınma_partisi,
Barış_Karadeniz,cumhuriyet_halk_partisi,
Barış_Aydın,adalet_ve_kalkınma_partisi,
Barış_Atay,türkiye_i̇şçi_partisi,
Baki_Şimşek,milliyetçi_hareket_partisi,
Bahar_Ayvazoğlu,adalet_ve_kalkınma_partisi,
Baha_Ünlü,cumhuriyet_halk_partisi,
Aziz_Babuşcu,adalet_ve_kalkınma_partisi,
Aziz_Aydınlık,cumhuriyet_halk_partisi,
Aytun_Çıray,i̇yi̇_parti,
Ayşe_Sürücü,halkların_demokratik_partisi,
Ayşe_Sibel_Ersoy,milliyetçi_hareket_partisi,
Ayşe_Keşir,adalet_ve_kalkınma_partisi,
Ayşe_Acar_Başaran,halkların_demokratik_partisi,
Aysu_Bankoğlu,cumhuriyet_halk_partisi,
Aylin_Cesur,i̇yi̇_parti,
Aykut_Erdoğdu,cumhuriyet_halk_partisi,
Ayhan_Erel,i̇yi̇_parti,
Ayhan_Bilgen,halkların_demokratik_partisi,
Ayhan_Barut,cumhuriyet_halk_partisi,
Ayhan_Altıntaş,i̇yi̇_parti,
Aydın_Özer,cumhuriyet_halk_partisi,
Aydın_Adnan_Sezgin,i̇yi̇_parti,
Atilla_Ödünç,adalet_ve_kalkınma_partisi,
Atila_Sertel,cumhuriyet_halk_partisi,
Atay_Uslu,adalet_ve_kalkınma_partisi,
Asuman_Erdoğan,adalet_ve_kalkınma_partisi,
Arzu_Erdem,milliyetçi_hareket_partisi,
Arzu_Aydın,adalet_ve_kalkınma_partisi,
Arslan_Kabukcuoğlu,i̇yi̇_parti,
Arife_Polat_Düzgün,adalet_ve_kalkınma_partisi,
Alpay_Özalan,adalet_ve_kalkınma_partisi,
Alpay_Antmen,cumhuriyet_halk_partisi,
Alican_Önlü,halkların_demokratik_partisi,
Ali_Şeker,cumhuriyet_halk_partisi,
Ali_Şahin,adalet_ve_kalkınma_partisi,
Ali_Öztunç,cumhuriyet_halk_partisi,
Ali_Özkaya,adalet_ve_kalkınma_partisi,
Ali_Muhittin_Taşdoğan,milliyetçi_hareket_partisi,
Ali_Mahir_Başarır,cumhuriyet_halk_partisi,
Ali_Keven,cumhuriyet_halk_partisi,
Ali_Kenanoğlu,halkların_demokratik_partisi,
Ali_İhsan_Yavuz,adalet_ve_kalkınma_partisi,
Ali_İhsan_Arslan,adalet_ve_kalkınma_partisi,
Ali_Haydar_Hakverdi,cumhuriyet_halk_partisi,
Ali_Fazıl_Kasap,saadet_partisi,
Ali_Cumhur_Taşkın,adalet_ve_kalkınma_partisi,
Alev_Dedegil,adalet_ve_kalkınma_partisi,
Akif_Hamzaçebi,cumhuriyet_halk_partisi,
Akif_Çağatay_Kılıç,adalet_ve_kalkınma_partisi,
Ahmet_Zenbilci,adalet_ve_kalkınma_partisi,
Ahmet_Yıldız,adalet_ve_kalkınma_partisi,
Ahmet_Vehbi_Bakırlıoğlu,cumhuriyet_halk_partisi,
Ahmet_Uzer,adalet_ve_kalkınma_partisi,
Ahmet_Tan,adalet_ve_kalkınma_partisi,
Ahmet_Şık,türkiye_i̇şçi_partisi,
Ahmet_Sorgun,adalet_ve_kalkınma_partisi,
Ahmet_Sami_Ceylan,adalet_ve_kalkınma_partisi,
Ahmet_Salih_Dal,adalet_ve_kalkınma_partisi,
Ahmet_Özyürek,milliyetçi_hareket_partisi,
Ahmet_Özdemir,adalet_ve_kalkınma_partisi,
Ahmet_Önal,cumhuriyet_halk_partisi,
Ahmet_Mücahit_Arınç,adalet_ve_kalkınma_partisi,
Ahmet_Kılıç,adalet_ve_kalkınma_partisi,
Ahmet_Kaya,cumhuriyet_halk_partisi,
Ahmet_Kamil_Erozan,i̇yi̇_parti,
Ahmet_Hamdi_Çamlı,adalet_ve_kalkınma_partisi,
Ahmet_Eşref_Fakıbaba,i̇yi̇_parti,
Ahmet_Erbaş,milliyetçi_hareket_partisi,
Ahmet_Demircan,adalet_ve_kalkınma_partisi,
Ahmet_Çolakoğlu,adalet_ve_kalkınma_partisi,
Ahmet_Çelik,i̇yi̇_parti,
Ahmet_Çakır,adalet_ve_kalkınma_partisi,
Ahmet_Büyükgümüş,adalet_ve_kalkınma_partisi,
Ahmet_Berat_Çonkar,adalet_ve_kalkınma_partisi,
Ahmet_Aydın,adalet_ve_kalkınma_partisi,
Ahmet_Arslan,adalet_ve_kalkınma_partisi,
Ahmet_Akın,cumhuriyet_halk_partisi,
Ahmet_Akay,adalet_ve_kalkınma_partisi,
Ahat_Andican,i̇yi̇_parti,
Adnan_Selçuk_Mızraklı,halkların_demokratik_partisi,
Adnan_Günnar,adalet_ve_kalkınma_partisi,
Adil_Çelik,adalet_ve_kalkınma_partisi,
Abdüllatif_Şener,cumhuriyet_halk_partisi,
Abdurrahman_Tutdere,cumhuriyet_halk_partisi,
Abdurrahman_Başkan,milliyetçi_hareket_partisi,
Abdullah_Nejat_Koçer,adalet_ve_kalkınma_partisi,
Abdullah_Koç,halkların_demokratik_partisi,
Abdullah_Güler,adalet_ve_kalkınma_partisi,
Abdullah_Doğru,adalet_ve_kalkınma_partisi,
Abdullah_Ağralı,adalet_ve_kalkınma_partisi,
Abdulkadir_Özel,adalet_ve_kalkınma_partisi,
Abdulkadir_Karaduman,saadet_partisi,
Abdulhamit_Gül,adalet_ve_kalkınma_partisi,
Abdulahat_Arvas,adalet_ve_kalkınma_partisi,
Zülküf_Uçar,halkların_eşitlik_ve_demokrasi_partisi,
Zuhal_Karakoç_Dora,milliyetçi_hareket_partisi,
Ziya_Altunyıldız,adalet_ve_kalkınma_partisi,
Zeynep_Oduncu,halkların_eşitlik_ve_demokrasi_partisi,
Zeki_Korkutata,adalet_ve_kalkınma_partisi,
Zekeriya_Yapıcıoğlu,hür_dava_partisi,
Zehranur_Aydemir,adalet_ve_kalkınma_partisi,
Yüksel_Taşkın,cumhuriyet_halk_partisi,
Yüksel_Selçuk_Türkoğlu,i̇yi̇_parti,
Yüksel_Coşkunyürek,adalet_ve_kalkınma_partisi,
Yüksel_Arslan,bağımsız,
Yücel_Arzen_Hacıoğulları,adalet_ve_kalkınma_partisi,
Yusuf_Ziya_Aldatmaz,adalet_ve_kalkınma_partisi,
Yusuf_Ahlatçı,adalet_ve_kalkınma_partisi,
Yılmaz_Hun,halkların_eşitlik_ve_demokrasi_partisi,
Yılmaz_Büyükaydın,adalet_ve_kalkınma_partisi,
Yıldız_Konal_Süslü,adalet_ve_kalkınma_partisi,
Yıldırım_Tuğrul_Türkeş,adalet_ve_kalkınma_partisi,
Yavuz_Aydın,i̇yi̇_parti,
Yakup_Otgöz,adalet_ve_kalkınma_partisi,
Yahya_Çelik,adalet_ve_kalkınma_partisi,
Vezir_Coşkun_Parlak,halkların_eşitlik_ve_demokrasi_partisi,
Veysal_Tipioğlu,adalet_ve_kalkınma_partisi,
Vehbi_Koç,adalet_ve_kalkınma_partisi,
Vedat_Bilgin,adalet_ve_kalkınma_partisi,
Vahit_Kirişçi,adalet_ve_kalkınma_partisi,
Vahit_Kayrıcı,milliyetçi_hareket_partisi,
Ünal_Karaman,i̇yi̇_parti,
Ümmügülşen_Öztürk,adalet_ve_kalkınma_partisi,
Ümit_Özlale,i̇yi̇_parti,
Umut_Akdoğan,cumhuriyet_halk_partisi,
Uğur_Poyraz,i̇yi̇_parti,
Türker_Ateş,cumhuriyet_halk_partisi,
Türkan_Elçi,cumhuriyet_halk_partisi,
Turhan_Çömez,i̇yi̇_parti,
Turan_Yaldır,i̇yi̇_parti,
Turan_Taşkın_Özer,cumhuriyet_halk_partisi,
Turan_Bedirhanoğlu,adalet_ve_kalkınma_partisi,
Tuncer_Bakırhan,halkların_eşitlik_ve_demokrasi_partisi,
Tuğba_Işık_Ercan,adalet_ve_kalkınma_partisi,
Tuba_Köksal,adalet_ve_kalkınma_partisi,
Talih_Özcan,cumhuriyet_halk_partisi,
Talat_Dinçer,cumhuriyet_halk_partisi,
Tahsin_Ocaklı,cumhuriyet_halk_partisi,
Tahsin_Becan,cumhuriyet_halk_partisi,
Şeref_Arpacı,cumhuriyet_halk_partisi,
Şerafettin_Kılıç,saadet_partisi,
Şerafettin_Can_Atalay,türkiye_i̇şçi_partisi,
Şengül_Karslı,adalet_ve_kalkınma_partisi,
Şehzade_Demir,hür_dava_partisi,
Şebnem_Bursalı,adalet_ve_kalkınma_partisi,
Şaban_Çopuroğlu,adalet_ve_kalkınma_partisi,
Süreyya_Öneş_Derici,cumhuriyet_halk_partisi,
Sümeyye_Boz,halkların_eşitlik_ve_demokrasi_partisi,
Süleyman_Şahan,adalet_ve_kalkınma_partisi,
Süleyman_Özgün,adalet_ve_kalkınma_partisi,
Sururi_Çorabatır,cumhuriyet_halk_partisi,
Sunay_Karamık,adalet_ve_kalkınma_partisi,
Suna_Kepolu_Ataman,adalet_ve_kalkınma_partisi,
Suat_Pamukçu,adalet_ve_kalkınma_partisi,
Suat_Özçağdaş,cumhuriyet_halk_partisi,
Sinan_Çiftyürek,halkların_eşitlik_ve_demokrasi_partisi,
Sibel_Suiçmez,cumhuriyet_halk_partisi,
Sırrı_Süreyya_Önder,halkların_eşitlik_ve_demokrasi_partisi,
Sırrı_Sakık,halkların_eşitlik_ve_demokrasi_partisi,
Seyithan_İzsiz,i̇yi̇_parti,
Seydi_Gülsoy,adalet_ve_kalkınma_partisi,
Sevilay_Çelenk_Özen,halkların_eşitlik_ve_demokrasi_partisi,
Sevda_Karaca_Demir,emek_partisi,
Sevan_Sıvacıoğlu,adalet_ve_kalkınma_partisi,
Servet_Mullaoğlu,cumhuriyet_halk_partisi,
Serkan_Sarı,cumhuriyet_halk_partisi,
Serkan_Ramanlı,hür_dava_partisi,
Serhat_Eren,halkların_eşitlik_ve_demokrasi_partisi,
Serap_Yazıcı_Özbudun,saadet_partisi,
Semra_Dinçer,cumhuriyet_halk_partisi,
Semra_Çağlar_Gökalp,halkların_eşitlik_ve_demokrasi_partisi,
Semih_Işıkver,milliyetçi_hareket_partisi,
Sema_Silkin_Ün,saadet_partisi,
Selma_Aliye_Kavaf,demokrasi_ve_atılım_partisi,
Selim_Temurci,saadet_partisi,
Selçuk_Özdağ,saadet_partisi,
Selcan_Hamşıoğlu,i̇yi̇_parti,
Seda_Sarıbaş,adalet_ve_kalkınma_partisi,
Seda_Kaya_Ösen,demokrasi_ve_atılım_partisi,
Seda_Gören_Bölük,adalet_ve_kalkınma_partisi,
Sayın_Bayar_Özsoy,adalet_ve_kalkınma_partisi,
Saliha_Sera_Kadıgil,türkiye_i̇şçi_partisi,
Saffet_Bozkurt,adalet_ve_kalkınma_partisi,
Sadullah_Kısacık,demokrasi_ve_atılım_partisi,
Sadullah_Ergin,demokrasi_ve_atılım_partisi,
Sadettin_Hülagü,adalet_ve_kalkınma_partisi,
Sabahat_Erdoğan_Sarıtaş,halkların_eşitlik_ve_demokrasi_partisi,
Rukiye_Toy,adalet_ve_kalkınma_partisi,
Ruken_Kilerci,adalet_ve_kalkınma_partisi,
Rıfat_Turuntay_Nalbantoğlu,cumhuriyet_halk_partisi,
Rıdvan_Uz,i̇yi̇_parti,
Reşat_Karagöz,cumhuriyet_halk_partisi,
Resul_Kurt,adalet_ve_kalkınma_partisi,
Rahmi_Aşkın_Türeli,cumhuriyet_halk_partisi,
Rabia_İlhan,adalet_ve_kalkınma_partisi,
Perihan_Koca,halkların_eşitlik_ve_demokrasi_partisi,
Pelin_Yılık,milliyetçi_hareket_partisi,
Öznur_Bartin,halkların_eşitlik_ve_demokrasi_partisi,
Özgür_Erdem_İncesu,cumhuriyet_halk_partisi,
Özgül_Saki,halkların_eşitlik_ve_demokrasi_partisi,
Önder_Aksakal,demokratik_sol_parti,
Ömer_Özmen,adalet_ve_kalkınma_partisi,
Ömer_Oruç_Bilal_Debgici,adalet_ve_kalkınma_partisi,
Ömer_Karakaş,i̇yi̇_parti,
Ömer_İleri,adalet_ve_kalkınma_partisi,
Ömer_Faruk_Hülakü,halkların_eşitlik_ve_demokrasi_partisi,
Ömer_Çelik,adalet_ve_kalkınma_partisi,
Osman_Zabun,adalet_ve_kalkınma_partisi,
Osman_Sağlam,adalet_ve_kalkınma_partisi,
Osman_Gökçek,adalet_ve_kalkınma_partisi,
Osman_Cengiz_Çandar,halkların_eşitlik_ve_demokrasi_partisi,
Orhan_Ateş,adalet_ve_kalkınma_partisi,
Onur_Düşünmez,halkların_eşitlik_ve_demokrasi_partisi,
Okan_Konuralp,cumhuriyet_halk_partisi,
Oğuz_Üçüncü,adalet_ve_kalkınma_partisi,
Nurten_Yontar,cumhuriyet_halk_partisi,
Nurettin_Alan,adalet_ve_kalkınma_partisi,
Nureddin_Nebati,adalet_ve_kalkınma_partisi,
Nimet_Özdemir,i̇yi̇_parti,
Nilhan_Ayan,adalet_ve_kalkınma_partisi,
Nevroz_Uysal_Aslan,halkların_eşitlik_ve_demokrasi_partisi,
Nermin_Yıldırım_Kara,cumhuriyet_halk_partisi,
Nejla_Demir,halkların_eşitlik_ve_demokrasi_partisi,
Necmettin_Erkan,adalet_ve_kalkınma_partisi,
Necmettin_Çalışkan,saadet_partisi,
Nazım_Elmas,adalet_ve_kalkınma_partisi,
Namık_Tan,cumhuriyet_halk_partisi,
Nail_Çiler,cumhuriyet_halk_partisi,
Naci_Şanlıtürk,milliyetçi_hareket_partisi,
Mühip_Kanko,cumhuriyet_halk_partisi,
Mustafa_Yavuz,adalet_ve_kalkınma_partisi,
Mustafa_Varank,adalet_ve_kalkınma_partisi,
Mustafa_Şen,adalet_ve_kalkınma_partisi,
Mustafa_Sezgin_Tanrıkulu,cumhuriyet_halk_partisi,
Mustafa_Sarıgül,cumhuriyet_halk_partisi,
Mustafa_Oğuz,adalet_ve_kalkınma_partisi,
Mustafa_Nedim_Yamalı,saadet_partisi,
Mustafa_Kaya,saadet_partisi,
Mustafa_Kaplan,adalet_ve_kalkınma_partisi,
Mustafa_Hulki_Cevizoğlu,adalet_ve_kalkınma_partisi,
Mustafa_Hamarat,adalet_ve_kalkınma_partisi,
Mustafa_Hakkı_Özer,adalet_ve_kalkınma_partisi,
Mustafa_Erdem,cumhuriyet_halk_partisi,
Mustafa_Cihan_Paçacı,i̇yi̇_parti,
Mustafa_Bilici,saadet_partisi,
Mustafa_Alkayış,adalet_ve_kalkınma_partisi,
Musa_Küçük,milliyetçi_hareket_partisi,
Murat_Kurum,adalet_ve_kalkınma_partisi,
Murat_Kaya,adalet_ve_kalkınma_partisi,
Murat_Çan,cumhuriyet_halk_partisi,
Murat_Cahid_Cıngı,adalet_ve_kalkınma_partisi,
Murat_Alparslan,adalet_ve_kalkınma_partisi,
Muhammet_Levent_Bülbül,milliyetçi_hareket_partisi,
Muhammed_Ali_Fatih_Erbakan,yeniden_refah_partisi,
Muhammed_Adak,adalet_ve_kalkınma_partisi,
Muammer_Avcı,adalet_ve_kalkınma_partisi,
Mevlüt_Kurt,adalet_ve_kalkınma_partisi,
Metin_Ergün,i̇yi̇_parti,
Mesut_Doğan,saadet_partisi,
Mesut_Bozatlı,adalet_ve_kalkınma_partisi,
Mestan_Özcan,adalet_ve_kalkınma_partisi,
Meryem_Göka,adalet_ve_kalkınma_partisi,
Mervan_Gül,adalet_ve_kalkınma_partisi,
Melih_Meriç,cumhuriyet_halk_partisi,
Mehmet_Zeki_İrmez,halkların_eşitlik_ve_demokrasi_partisi,
Mehmet_Tahtasız,cumhuriyet_halk_partisi,
Mehmet_Şahin,adalet_ve_kalkınma_partisi,
Mehmet_Satuk_Buğra_Kavuncu,i̇yi̇_parti,
Mehmet_Salim_Ensarioğlu,bağımsız,
Mehmet_Salih_Uzun,demokrat_parti,
Mehmet_Sait_Yaz,adalet_ve_kalkınma_partisi,
Mehmet_Rüştü_Tiryaki,halkların_eşitlik_ve_demokrasi_partisi,
Mehmet_Mustafa_Gürban,i̇yi̇_parti,
Mehmet_Muharrem_Kasapoğlu,adalet_ve_kalkınma_partisi,
Mehmet_Karaman,saadet_partisi,
Mehmet_Kamaç,halkların_eşitlik_ve_demokrasi_partisi,
Mehmet_Galip_Ensarioğlu,adalet_ve_kalkınma_partisi,
Mehmet_Faruk_Pınarbaşı,adalet_ve_kalkınma_partisi,
Mehmet_Eyup_Özkeçeci,adalet_ve_kalkınma_partisi,
Mehmet_Emin_Öz,adalet_ve_kalkınma_partisi,
Mehmet_Emin_Ekmen,demokrasi_ve_atılım_partisi,
Mehmet_Demir,adalet_ve_kalkınma_partisi,
Mehmet_Baykan,adalet_ve_kalkınma_partisi,
Mehmet_Atmaca,saadet_partisi,
Mehmet_Aşıla,yeniden_refah_partisi,
Mehmet_Akalın,i̇yi̇_parti,
Medeni_Yılmaz,demokrasi_ve_atılım_partisi,
Mahmut_Rıdvan_Nazırlı,adalet_ve_kalkınma_partisi,
Mahmut_Özer,adalet_ve_kalkınma_partisi,
Mahmut_Dindar,halkların_eşitlik_ve_demokrasi_partisi,
Mahmut_Arıkan,saadet_partisi,
Lütfullah_Kayalar,i̇yi̇_parti,
Lütfi_Bayraktar,adalet_ve_kalkınma_partisi,
Levent_Uysal,milliyetçi_hareket_partisi,
Latif_Selvi,adalet_ve_kalkınma_partisi,
Kürşad_Zorlu,i̇yi̇_parti,
Kurtcan_Çelebi,adalet_ve_kalkınma_partisi,
Konur_Alp_Koçak,milliyetçi_hareket_partisi,
Keziban_Konukcu_Kok,halkların_eşitlik_ve_demokrasi_partisi,
Keskin_Bayındır,demokratik_bölgeler_partisi,
Kemal_Karahan,adalet_ve_kalkınma_partisi,
Kayıhan_Pala,cumhuriyet_halk_partisi,
Kayhan_Türkmenoğlu,adalet_ve_kalkınma_partisi,
Kamuran_Tanhan,halkların_eşitlik_ve_demokrasi_partisi,
Kadri_Enis_Berberoğlu,cumhuriyet_halk_partisi,
Kadem_Mete,adalet_ve_kalkınma_partisi,
Kaan_Koç,adalet_ve_kalkınma_partisi,
İzzet_Akbulut,cumhuriyet_halk_partisi,
İsmet_Güneşhan,cumhuriyet_halk_partisi,
İsmail_Erdem,adalet_ve_kalkınma_partisi,
İsmail_Çağlar_Bayırcı,adalet_ve_kalkınma_partisi,
İsmail_Akgül,milliyetçi_hareket_partisi,
İskender_Bayhan,emek_partisi,
İshak_Şan,adalet_ve_kalkınma_partisi,
İsa_Mesih_Şahin,saadet_partisi,
İrfan_Karatutlu,demokrasi_ve_atılım_partisi,
İrfan_Çelikaslan,adalet_ve_kalkınma_partisi,
İnanç_Siraç_Kara_Ölmeztoprak,adalet_ve_kalkınma_partisi,
İnan_Akgün_Alp,cumhuriyet_halk_partisi,
İlyas_Topsakal,milliyetçi_hareket_partisi,
İhsan_Koca,adalet_ve_kalkınma_partisi,
İdris_Şahin,demokrasi_ve_atılım_partisi,
İdris_Nebi_Hatipoğlu,adalet_ve_kalkınma_partisi,
İbrahim_Ufuk_Kaynak,adalet_ve_kalkınma_partisi,
İbrahim_Eyyüpoğlu,adalet_ve_kalkınma_partisi,
İbrahim_Ethem_Taş,adalet_ve_kalkınma_partisi,
İbrahim_Arslan,cumhuriyet_halk_partisi,
İbrahim_Akın,halkların_eşitlik_ve_demokrasi_partisi,
Hüsmen_Kırkpınar,i̇yi̇_parti,
Hüseyin_Özhan,adalet_ve_kalkınma_partisi,
Hüseyin_Olan,halkların_eşitlik_ve_demokrasi_partisi,
Hüseyin_Altınsoy,adalet_ve_kalkınma_partisi,
Hulusi_Akar,adalet_ve_kalkınma_partisi,
Hilmi_Durgun,milliyetçi_hareket_partisi,
Hikmet_Yalım_Halıcı,cumhuriyet_halk_partisi,
Hikmet_Başak,adalet_ve_kalkınma_partisi,
Heval_Bozdağ,halkların_eşitlik_ve_demokrasi_partisi,
Haydar_Altıntaş,demokrat_parti,
Havva_Sibel_Söylemez,adalet_ve_kalkınma_partisi,
Hasan_Ufuk_Çakır,cumhuriyet_halk_partisi,
Hasan_Toktaş,i̇yi̇_parti,
Hasan_Öztürkmen,cumhuriyet_halk_partisi,
Hasan_Öztürk,cumhuriyet_halk_partisi,
Hasan_Karal,demokrasi_ve_atılım_partisi,
Hasan_Ekici,saadet_partisi,
Hasan_Bitmez,cumhuriyet_halk_partisi,
Hasan_Basri_Sönmez,milliyetçi_hareket_partisi,
Hasan_Arslan,adalet_ve_kalkınma_partisi,
Harun_Özgür_Yıldızlı,cumhuriyet_halk_partisi,
Harun_Mertoğlu,adalet_ve_kalkınma_partisi,
Haluk_İpek,adalet_ve_kalkınma_partisi,
Halit_Yerebakan,adalet_ve_kalkınma_partisi,
Halil_Uluay,adalet_ve_kalkınma_partisi,
Halil_Eldemir,adalet_ve_kalkınma_partisi,
Halide_Türkoğlu,halkların_eşitlik_ve_demokrasi_partisi,
Hakkı_Saruhan_Oruç,halkların_eşitlik_ve_demokrasi_partisi,
Hakan_Şeref_Olgun,i̇yi̇_parti,
Hakan_Aksu,adalet_ve_kalkınma_partisi,
Gülderen_Varli,halkların_eşitlik_ve_demokrasi_partisi,
Gülcan_Kış,cumhuriyet_halk_partisi,
Gülcan_Kaçmaz_Sayyiğit,halkların_eşitlik_ve_demokrasi_partisi,
Gökhan_Günaydın,cumhuriyet_halk_partisi,
Gökhan_Diktaş,adalet_ve_kalkınma_partisi,
Gökçe_Gökçen,cumhuriyet_halk_partisi,
Gizem_Özcan,cumhuriyet_halk_partisi,
George_Aslan,halkların_eşitlik_ve_demokrasi_partisi,
Gamze_Taşçıer,cumhuriyet_halk_partisi,
Fuat_Oktay,adalet_ve_kalkınma_partisi,
Filiz_Kılıç,milliyetçi_hareket_partisi,
Fevzi_Zırhlıoğlu,milliyetçi_hareket_partisi,
Ferit_Şenyaşar,halkların_eşitlik_ve_demokrasi_partisi,
Ferhat_Nasıroğlu,adalet_ve_kalkınma_partisi,
Fehmi_Alpay_Özalan,adalet_ve_kalkınma_partisi,
Fatma_Serap_Ekmekci,adalet_ve_kalkınma_partisi,
Fatma_Öncü,adalet_ve_kalkınma_partisi,
Fatih_Dönmez,adalet_ve_kalkınma_partisi,
Faruk_Kılınç,adalet_ve_kalkınma_partisi,
Faruk_Dinç,hür_dava_partisi,
Faruk_Çelik,adalet_ve_kalkınma_partisi,
Faruk_Aytek,adalet_ve_kalkınma_partisi,
Fahri_Özkan,cumhuriyet_halk_partisi,
Fahrettin_Tuğrul,adalet_ve_kalkınma_partisi,
Eyyüp_Kadir_İnan,adalet_ve_kalkınma_partisi,
Eylem_Ertuğ_Ertuğrul,cumhuriyet_halk_partisi,
Evrim_Rızvanoğlu,demokrasi_ve_atılım_partisi,
Evrim_Karakoz,cumhuriyet_halk_partisi,
Ertuğrul_Kocacık,adalet_ve_kalkınma_partisi,
Ertuğrul_Kaya,demokrasi_ve_atılım_partisi,
Ertuğrul_Gazi_Konal,milliyetçi_hareket_partisi,
Ersin_Beyaz,i̇yi̇_parti,
Ersan_Aksu,adalet_ve_kalkınma_partisi,
Erol_Keleş,adalet_ve_kalkınma_partisi,
Ercan_Öztürk,adalet_ve_kalkınma_partisi,
Emre_Çalışkan,adalet_ve_kalkınma_partisi,
Emel_Gözükara_Durmaz,adalet_ve_kalkınma_partisi,
Elvan_Işık_Gezmiş,cumhuriyet_halk_partisi,
Elif_Esen,demokrasi_ve_atılım_partisi,
Ekrem_Gökay_Yüksel,milliyetçi_hareket_partisi,
Ejder_Açıkkapı,adalet_ve_kalkınma_partisi,
Efkan_Ala,adalet_ve_kalkınma_partisi,
Ediz_Ün,cumhuriyet_halk_partisi,
Edip_Semih_Yalçın,milliyetçi_hareket_partisi,
Dursun_Müsavat_Dervişoğlu,i̇yi̇_parti,
Durmuş_Ali_Keskinkılıç,adalet_ve_kalkınma_partisi,
Doğan_Demir,saadet_partisi,
Doğan_Bekin,yeniden_refah_partisi,
Dilan_Kunt_Ayan,halkların_eşitlik_ve_demokrasi_partisi,
Derya_Yanık,adalet_ve_kalkınma_partisi,
Derya_Ayaydın,adalet_ve_kalkınma_partisi,
Deniz_Yücel,cumhuriyet_halk_partisi,
Deniz_Demir,cumhuriyet_halk_partisi,
Çiğdem_Kılıçgün_Uçar,demokratik_bölgeler_partisi,
Çiçek_Otlu,halkların_eşitlik_ve_demokrasi_partisi,
Cüneyt_Yüksel,adalet_ve_kalkınma_partisi,
Cüneyt_Aldemir,adalet_ve_kalkınma_partisi,
Cumhur_Uzun,cumhuriyet_halk_partisi,
Cumali_İnce,milliyetçi_hareket_partisi,
Ceylan_Akça_Cupolo,halkların_eşitlik_ve_demokrasi_partisi,
Cevdet_Akay,cumhuriyet_halk_partisi,
Cevahir_Uzkurt,adalet_ve_kalkınma_partisi,
Cevahir_Asuman_Yazmacı,adalet_ve_kalkınma_partisi,
Cengiz_Çiçek,halkların_eşitlik_ve_demokrasi_partisi,
Cemalettin_Kani_Torun,saadet_partisi,
Cem_Şahin,adalet_ve_kalkınma_partisi,
Cem_Avşar,demokrasi_ve_atılım_partisi,
Celalettin_Köse,adalet_ve_kalkınma_partisi,
Celal_Fırat,halkların_eşitlik_ve_demokrasi_partisi,
Cantürk_Alagöz,adalet_ve_kalkınma_partisi,
Büşra_Paker,adalet_ve_kalkınma_partisi,
Bünyamin_Bozgeyik,adalet_ve_kalkınma_partisi,
Bülent_Kaya,saadet_partisi,
Burhanettin_Kocamaz,i̇yi̇_parti,
Burhan_Kayatürk,adalet_ve_kalkınma_partisi,
Burcugül_Çubuk,halkların_eşitlik_ve_demokrasi_partisi,
Burak_Dalgın,demokrasi_ve_atılım_partisi,
Burak_Akburak,i̇yi̇_parti,
Birol_Aydın,saadet_partisi,
Bilal_Bilici,i̇yi̇_parti,
Beritan_Güneş_Altın,halkların_eşitlik_ve_demokrasi_partisi,
Behiye_Eker,adalet_ve_kalkınma_partisi,
Bayram_Şenocak,adalet_ve_kalkınma_partisi,
Barış_Bektaş,cumhuriyet_halk_partisi,
Bahadır_Yenişehirlioğlu,adalet_ve_kalkınma_partisi,
Azmi_Ekinci,adalet_ve_kalkınma_partisi,
Ayyüce_Türkeş_Taş,i̇yi̇_parti,
Ayten_Kordu,halkların_eşitlik_ve_demokrasi_partisi,
Ayşen_Gürcan,adalet_ve_kalkınma_partisi,
Ayşegül_Doğan_Dağlı,halkların_eşitlik_ve_demokrasi_partisi,
Ayşe_Sibel_Yanıkömeroğlu,cumhuriyet_halk_partisi,
Ayşe_Böhürler,adalet_ve_kalkınma_partisi,
Aylin_Yaman,cumhuriyet_halk_partisi,
Aykut_Kaya,i̇yi̇_parti,
Ayhan_Salman,adalet_ve_kalkınma_partisi,
Ayhan_Gider,adalet_ve_kalkınma_partisi,
Ayça_Taşkent,cumhuriyet_halk_partisi,
Aşkın_Genç,cumhuriyet_halk_partisi,
Asu_Kaya,cumhuriyet_halk_partisi,
Arslan_Tatar,adalet_ve_kalkınma_partisi,
Aliye_Timisi_Ersever,cumhuriyet_halk_partisi,
Aliye_Coşar,cumhuriyet_halk_partisi,
Ali_Yüksel,yeniden_refah_partisi,
Ali_Temür,adalet_ve_kalkınma_partisi,
Ali_Taylan_Öztaylan,adalet_ve_kalkınma_partisi,
Ali_Kıratlı,adalet_ve_kalkınma_partisi,
Ali_Karaoba,cumhuriyet_halk_partisi,
Ali_İnci,adalet_ve_kalkınma_partisi,
Ali_Gökçek,cumhuriyet_halk_partisi,
Ali_Bozan,halkların_eşitlik_ve_demokrasi_partisi,
Ahmet_Tuncay_Özkan,cumhuriyet_halk_partisi,
Ahmet_Gökhan_Sarıçam,adalet_ve_kalkınma_partisi,
Ahmet_Fethan_Baykoç,adalet_ve_kalkınma_partisi,
Ahmet_Ersagun_Yücel,i̇yi̇_parti,
Ahmet_Baran_Yazgan,cumhuriyet_halk_partisi,
Adnan_Şefik_Çirkin,i̇yi̇_parti,
Adnan_Beker,bağımsız,
Adil_Karaismailoğlu,adalet_ve_kalkınma_partisi,
Adil_Biçer,adalet_ve_kalkınma_partisi,
Adem_Yıldırım,adalet_ve_kalkınma_partisi,
Adem_Yeşildal,adalet_ve_kalkınma_partisi,
Adem_Korkmaz,adalet_ve_kalkınma_partisi,
Adem_Çalkın,adalet_ve_kalkınma_partisi,
Adalet_Kaya,halkların_eşitlik_ve_demokrasi_partisi,
Abdürrahim_Dusak,adalet_ve_kalkınma_partisi,
Abdurrahman_Babacan,adalet_ve_kalkınma_partisi,
Abdurrahim_Fırat,adalet_ve_kalkınma_partisi,
Abdulkadir_Emin_Önen,adalet_ve_kalkınma_partisi,
Abdulkadir_Akgül,adalet_ve_kalkınma_partisi,
Meral_Akşener,iyi_parti,47973.0
Ali_Babacan,deva_partisi,85861.0
Ahmet_Davutoğlu,gelecek_partisi,46134.0
